<application>
  <component name="MaterialThemeConfig">
    <option name="compactMenus" value="true" />
    <option name="compactStatusBar" value="true" />
    <option name="compactTables" value="true" />
    <option name="contrastMode" value="true" />
    <option name="allowDataCollection" value="true" />
    <option name="compactDropdowns" value="true" />
    <option name="isCompactMenus" value="true" />
    <option name="isCompactStatusBar" value="true" />
    <option name="isCompactTables" value="true" />
    <option name="isContrastMode" value="true" />
    <option name="pristineConfig" value="false" />
    <option name="useMaterialFont2" value="true" />
    <option name="useMaterialWallpapers" value="true" />
    <option name="rightTreeIndent" value="6" />
    <option name="settingsSelectedTab" value="4" />
    <option name="tabsHeight" value="16" />
    <option name="accentColor" value="2979ff" />
    <option name="selectedTheme" value="ONE_DARK" />
    <option name="userId" value="3b6dc169:1762e8a429b:-8000" />
    <option name="version" value="5.5.0" />
  </component>
</application>